id,city,retailer,vol,price,store,loc,adv
7,HOUSTON,KROGER CO,6834,2.4811239,KROGER CO,HOUSTON,36.429691
11,DETROIT,KROGER CO,5505,2.7473209,KROGER CO,DETROIT,26.802931
16,DALLAS/FT. WORTH,KROGER CO,3201,2.9200251,KROGER CO,DALLAS/FT. WORTH,114.27092
27,ATLANTA,KROGER CO,4099,2.8931451,KROGER CO,ATLANTA,8.6103573
29,CINCINNATI,KROGER CO,5568,2.6869609,KROGER CO,CINCINNATI,27.402014
30,INDIANAPOLIS,KROGER CO,4134,2.665941,KROGER CO,INDIANAPOLIS,14.929144
41,NASHVILLE,KROGER CO,2669,2.8827281,KROGER CO,NASHVILLE,10.785745
60,LOUISVILLE,KROGER CO,2403,2.696629,KROGER CO,LOUISVILLE,9.2507553
65,"COLUMBUS,OH",KROGER CO,3352,2.6533411,KROGER CO,"COLUMBUS,OH",53.011688
87,ROANOKE (NEW),KROGER CO,4011,2.722513,KROGER CO,ROANOKE (NEW),20.222521
94,HOUSTON,KROGER CO,6847,2.4616621,KROGER CO,HOUSTON,125.50433
98,DETROIT,KROGER CO,4010,2.7466331,KROGER CO,DETROIT,80.313995
103,DALLAS/FT. WORTH,KROGER CO,3230,2.9195049,KROGER CO,DALLAS/FT. WORTH,33.85244
114,ATLANTA,KROGER CO,4651,2.968394,KROGER CO,ATLANTA,15.31469
116,CINCINNATI,KROGER CO,5091,2.653506,KROGER CO,CINCINNATI,27.97714
117,INDIANAPOLIS,KROGER CO,3524,2.662883,KROGER CO,INDIANAPOLIS,15.113009
128,NASHVILLE,KROGER CO,2439,2.8327179,KROGER CO,NASHVILLE,14.641219
147,LOUISVILLE,KROGER CO,3242,2.675509,KROGER CO,LOUISVILLE,29.997778
152,"COLUMBUS,OH",KROGER CO,11942,1.71998,KROGER CO,"COLUMBUS,OH",173.74023
174,ROANOKE (NEW),KROGER CO,4336,2.700876,KROGER CO,ROANOKE (NEW),20.055376
181,HOUSTON,KROGER CO,8010,2.44432,KROGER CO,HOUSTON,33.188801
185,DETROIT,KROGER CO,3945,2.7452469,KROGER CO,DETROIT,39.933632
190,DALLAS/FT. WORTH,KROGER CO,3082,2.919857,KROGER CO,DALLAS/FT. WORTH,65.512527
201,ATLANTA,KROGER CO,4090,2.9442539,KROGER CO,ATLANTA,11.11037
203,CINCINNATI,KROGER CO,5545,2.6532011,KROGER CO,CINCINNATI,16.634239
204,INDIANAPOLIS,KROGER CO,3378,2.678508,KROGER CO,INDIANAPOLIS,25.704828
215,NASHVILLE,KROGER CO,2413,2.807708,KROGER CO,NASHVILLE,13.615705
234,LOUISVILLE,KROGER CO,3120,2.680449,KROGER CO,LOUISVILLE,12.601428
239,"COLUMBUS,OH",KROGER CO,4572,2.653106,KROGER CO,"COLUMBUS,OH",6.4490695
261,ROANOKE (NEW),KROGER CO,3737,2.7698691,KROGER CO,ROANOKE (NEW),15.563722
268,HOUSTON,KROGER CO,13066,2.4428289,KROGER CO,HOUSTON,49.702038
272,DETROIT,KROGER CO,3630,2.811295,KROGER CO,DETROIT,15.053817
277,DALLAS/FT. WORTH,KROGER CO,3047,3.728585,KROGER CO,DALLAS/FT. WORTH,23.44099
288,ATLANTA,KROGER CO,8076,2.379148,KROGER CO,ATLANTA,47.554504
290,CINCINNATI,KROGER CO,6201,2.6532819,KROGER CO,CINCINNATI,201.29239
291,INDIANAPOLIS,KROGER CO,3882,2.6630599,KROGER CO,INDIANAPOLIS,36.578411
302,NASHVILLE,KROGER CO,2810,2.828826,KROGER CO,NASHVILLE,15.672844
321,LOUISVILLE,KROGER CO,3154,2.6908691,KROGER CO,LOUISVILLE,32.61562
326,"COLUMBUS,OH",KROGER CO,13588,1.999926,KROGER CO,"COLUMBUS,OH",15.299091
348,ROANOKE (NEW),KROGER CO,4433,2.8948791,KROGER CO,ROANOKE (NEW),8.5022964
355,HOUSTON,KROGER CO,10467,2.4363239,KROGER CO,HOUSTON,126.21069
359,DETROIT,KROGER CO,4386,2.749202,KROGER CO,DETROIT,11.319798
364,DALLAS/FT. WORTH,KROGER CO,2240,3.7334819,KROGER CO,DALLAS/FT. WORTH,6.5477729
375,ATLANTA,KROGER CO,9017,2.4088941,KROGER CO,ATLANTA,35.94746
377,CINCINNATI,KROGER CO,5546,2.8943379,KROGER CO,CINCINNATI,27.911695
378,INDIANAPOLIS,KROGER CO,3517,2.653398,KROGER CO,INDIANAPOLIS,7.6958585
389,NASHVILLE,KROGER CO,4272,2.1198499,KROGER CO,NASHVILLE,14.398064
408,LOUISVILLE,KROGER CO,3734,2.6815751,KROGER CO,LOUISVILLE,88.472206
413,"COLUMBUS,OH",KROGER CO,5153,2.6528239,KROGER CO,"COLUMBUS,OH",14.367627
435,ROANOKE (NEW),KROGER CO,5923,2.4539931,KROGER CO,ROANOKE (NEW),807.96295
442,HOUSTON,KROGER CO,8937,2.3821189,KROGER CO,HOUSTON,23.781555
446,DETROIT,KROGER CO,4574,2.686707,KROGER CO,DETROIT,12.553617
451,DALLAS/FT. WORTH,KROGER CO,2158,3.7298419,KROGER CO,DALLAS/FT. WORTH,6.65834
462,ATLANTA,KROGER CO,8984,2.3446131,KROGER CO,ATLANTA,19.279917
464,CINCINNATI,KROGER CO,5167,2.902458,KROGER CO,CINCINNATI,28.337967
465,INDIANAPOLIS,KROGER CO,3991,2.6537211,KROGER CO,INDIANAPOLIS,52.129616
476,NASHVILLE,KROGER CO,5121,2.1200941,KROGER CO,NASHVILLE,15.876468
495,LOUISVILLE,KROGER CO,4811,2.6900849,KROGER CO,LOUISVILLE,78.455429
500,"COLUMBUS,OH",KROGER CO,5131,2.6532841,KROGER CO,"COLUMBUS,OH",68.73201
522,ROANOKE (NEW),KROGER CO,5702,2.4596629,KROGER CO,ROANOKE (NEW),20.311172
529,HOUSTON,KROGER CO,13536,2.4223549,KROGER CO,HOUSTON,35.140015
533,DETROIT,KROGER CO,6389,2.449836,KROGER CO,DETROIT,212.97821
538,DALLAS/FT. WORTH,KROGER CO,7010,2.6534951,KROGER CO,DALLAS/FT. WORTH,32.56147
549,ATLANTA,KROGER CO,8395,2.376415,KROGER CO,ATLANTA,49.45676
551,CINCINNATI,KROGER CO,5610,2.3864529,KROGER CO,CINCINNATI,60.103119
552,INDIANAPOLIS,KROGER CO,3801,2.652986,KROGER CO,INDIANAPOLIS,8.7480755
563,NASHVILLE,KROGER CO,4815,2.1898229,KROGER CO,NASHVILLE,35.651382
582,LOUISVILLE,KROGER CO,3346,2.6930659,KROGER CO,LOUISVILLE,17.045017
587,"COLUMBUS,OH",KROGER CO,11903,1.98681,KROGER CO,"COLUMBUS,OH",85.741005
609,ROANOKE (NEW),KROGER CO,4843,2.4817259,KROGER CO,ROANOKE (NEW),29.066185
616,HOUSTON,KROGER CO,13675,2.439342,KROGER CO,HOUSTON,35.303135
620,DETROIT,KROGER CO,4861,2.485497,KROGER CO,DETROIT,16.622662
625,DALLAS/FT. WORTH,KROGER CO,4740,2.672152,KROGER CO,DALLAS/FT. WORTH,128.38039
636,ATLANTA,KROGER CO,7286,2.386632,KROGER CO,ATLANTA,54.188622
638,CINCINNATI,KROGER CO,5103,2.4211249,KROGER CO,CINCINNATI,21.943624
639,INDIANAPOLIS,KROGER CO,3219,2.6533079,KROGER CO,INDIANAPOLIS,13.576842
650,NASHVILLE,KROGER CO,4000,2.1199999,KROGER CO,NASHVILLE,38.348362
669,LOUISVILLE,KROGER CO,3445,2.684761,KROGER CO,LOUISVILLE,14.901062
674,"COLUMBUS,OH",KROGER CO,7112,2.653403,KROGER CO,"COLUMBUS,OH",21.92194
696,ROANOKE (NEW),KROGER CO,5640,2.4482269,KROGER CO,ROANOKE (NEW),32.600677
703,HOUSTON,KROGER CO,11749,2.474849,KROGER CO,HOUSTON,36.929367
707,DETROIT,KROGER CO,4198,2.738447,KROGER CO,DETROIT,18.880114
712,DALLAS/FT. WORTH,KROGER CO,3415,2.6532941,KROGER CO,DALLAS/FT. WORTH,18.603148
723,ATLANTA,KROGER CO,6438,2.3558559,KROGER CO,ATLANTA,43.285656
725,CINCINNATI,KROGER CO,4425,2.869379,KROGER CO,CINCINNATI,31.064774
726,INDIANAPOLIS,KROGER CO,3217,2.6530931,KROGER CO,INDIANAPOLIS,44.219906
737,NASHVILLE,KROGER CO,4142,2.2254951,KROGER CO,NASHVILLE,9.026535
756,LOUISVILLE,KROGER CO,4100,2.6885369,KROGER CO,LOUISVILLE,38.501022
761,"COLUMBUS,OH",KROGER CO,3733,3.0514331,KROGER CO,"COLUMBUS,OH",181.20721
783,ROANOKE (NEW),KROGER CO,5797,2.4297049,KROGER CO,ROANOKE (NEW),23.011898
790,HOUSTON,KROGER CO,11938,2.4705141,KROGER CO,HOUSTON,43.485874
794,DETROIT,KROGER CO,3561,2.701488,KROGER CO,DETROIT,11.087584
799,DALLAS/FT. WORTH,KROGER CO,2242,3.1208739,KROGER CO,DALLAS/FT. WORTH,13.681643
810,ATLANTA,KROGER CO,6672,2.4389989,KROGER CO,ATLANTA,41.804146
812,CINCINNATI,KROGER CO,3882,2.902885,KROGER CO,CINCINNATI,26.669706
813,INDIANAPOLIS,KROGER CO,3277,2.6533411,KROGER CO,INDIANAPOLIS,51.939518
824,NASHVILLE,KROGER CO,3414,2.653193,KROGER CO,NASHVILLE,18.866831
843,LOUISVILLE,KROGER CO,799,2.802253,KROGER CO,LOUISVILLE,9.1394548
848,"COLUMBUS,OH",KROGER CO,2299,3.053067,KROGER CO,"COLUMBUS,OH",6.507308
870,ROANOKE (NEW),KROGER CO,5299,2.4563129,KROGER CO,ROANOKE (NEW),10.634393
877,HOUSTON,KROGER CO,9016,2.4934559,KROGER CO,HOUSTON,27.460363
881,DETROIT,KROGER CO,4361,2.7193301,KROGER CO,DETROIT,21.409916
886,DALLAS/FT. WORTH,KROGER CO,1824,3.104167,KROGER CO,DALLAS/FT. WORTH,13.505447
897,ATLANTA,KROGER CO,6086,2.3790669,KROGER CO,ATLANTA,22.39418
899,CINCINNATI,KROGER CO,3915,2.909579,KROGER CO,CINCINNATI,15.637941
900,INDIANAPOLIS,KROGER CO,3839,2.6535561,KROGER CO,INDIANAPOLIS,33.612022
911,NASHVILLE,KROGER CO,3160,2.5670891,KROGER CO,NASHVILLE,10.647283
930,LOUISVILLE,KROGER CO,2018,2.685828,KROGER CO,LOUISVILLE,13.488564
935,"COLUMBUS,OH",KROGER CO,3378,3.0532861,KROGER CO,"COLUMBUS,OH",18.453558
957,ROANOKE (NEW),KROGER CO,4747,2.470613,KROGER CO,ROANOKE (NEW),32.429787
964,HOUSTON,KROGER CO,7165,2.4815071,KROGER CO,HOUSTON,98.137634
968,DETROIT,KROGER CO,4533,2.7361569,KROGER CO,DETROIT,65.644585
973,DALLAS/FT. WORTH,KROGER CO,2380,3.113445,KROGER CO,DALLAS/FT. WORTH,7.4028559
984,ATLANTA,KROGER CO,5834,2.4166951,KROGER CO,ATLANTA,306.53525
986,CINCINNATI,KROGER CO,4362,2.9188449,KROGER CO,CINCINNATI,21.448322
987,INDIANAPOLIS,KROGER CO,3642,2.653487,KROGER CO,INDIANAPOLIS,17.572353
998,NASHVILLE,KROGER CO,2923,2.581594,KROGER CO,NASHVILLE,7.1285653
1017,LOUISVILLE,KROGER CO,2515,2.6986079,KROGER CO,LOUISVILLE,12.449386
1022,"COLUMBUS,OH",KROGER CO,2958,3.4519949,KROGER CO,"COLUMBUS,OH",11.279135
1044,ROANOKE (NEW),KROGER CO,5377,2.4491351,KROGER CO,ROANOKE (NEW),43.394463
1051,HOUSTON,KROGER CO,7311,2.480782,KROGER CO,HOUSTON,46.673035
1055,DETROIT,KROGER CO,4439,2.7346251,KROGER CO,DETROIT,17.852468
1060,DALLAS/FT. WORTH,KROGER CO,2679,3.1530421,KROGER CO,DALLAS/FT. WORTH,27.904928
1072,ATLANTA,KROGER CO,3754,3.382525,KROGER CO,ATLANTA,31.519131
1074,CINCINNATI,KROGER CO,4639,2.90429,KROGER CO,CINCINNATI,17.736694
1075,INDIANAPOLIS,KROGER CO,3768,2.6533971,KROGER CO,INDIANAPOLIS,49.617512
1086,NASHVILLE,KROGER CO,2936,2.588896,KROGER CO,NASHVILLE,16.070961
1105,LOUISVILLE,KROGER CO,2576,2.7022519,KROGER CO,LOUISVILLE,19.873861
1110,"COLUMBUS,OH",KROGER CO,2389,3.399749,KROGER CO,"COLUMBUS,OH",19.217861
1132,ROANOKE (NEW),KROGER CO,4361,2.4558589,KROGER CO,ROANOKE (NEW),15.491823
1139,HOUSTON,KROGER CO,7553,2.4857669,KROGER CO,HOUSTON,113.04215
1143,DETROIT,KROGER CO,4530,2.7258279,KROGER CO,DETROIT,16.230751
1148,DALLAS/FT. WORTH,KROGER CO,2623,3.7296989,KROGER CO,DALLAS/FT. WORTH,9.5227985
1160,ATLANTA,KROGER CO,3749,3.1779139,KROGER CO,ATLANTA,15.383338
1162,CINCINNATI,KROGER CO,4257,3.01245,KROGER CO,CINCINNATI,34.120403
1163,INDIANAPOLIS,KROGER CO,3658,2.653362,KROGER CO,INDIANAPOLIS,133.52809
1174,NASHVILLE,KROGER CO,4561,1.999781,KROGER CO,NASHVILLE,30.632051
1193,LOUISVILLE,KROGER CO,2231,2.7171669,KROGER CO,LOUISVILLE,14.975541
1198,"COLUMBUS,OH",KROGER CO,10323,2.21331,KROGER CO,"COLUMBUS,OH",16.170065
1220,ROANOKE (NEW),KROGER CO,5319,2.4750891,KROGER CO,ROANOKE (NEW),11.586485
1227,HOUSTON,KROGER CO,7923,2.475199,KROGER CO,HOUSTON,53.544731
1231,DETROIT,KROGER CO,4370,2.7311211,KROGER CO,DETROIT,26.792345
1236,DALLAS/FT. WORTH,KROGER CO,1979,3.7311771,KROGER CO,DALLAS/FT. WORTH,17.931309
1248,ATLANTA,KROGER CO,4040,3.1500001,KROGER CO,ATLANTA,25.476215
1250,CINCINNATI,KROGER CO,4067,3.0081141,KROGER CO,CINCINNATI,43.63863
1251,INDIANAPOLIS,KROGER CO,3402,2.6528511,KROGER CO,INDIANAPOLIS,14.267484
1262,NASHVILLE,KROGER CO,4412,2.0475969,KROGER CO,NASHVILLE,23.062725
1281,LOUISVILLE,KROGER CO,1910,2.6910989,KROGER CO,LOUISVILLE,6.8333859
1286,"COLUMBUS,OH",KROGER CO,3771,3.1662691,KROGER CO,"COLUMBUS,OH",9.9575472
1308,ROANOKE (NEW),KROGER CO,4209,2.469708,KROGER CO,ROANOKE (NEW),13.622732
1315,HOUSTON,KROGER CO,9606,2.4868829,KROGER CO,HOUSTON,76.521454
1319,DETROIT,KROGER CO,5280,2.7143941,KROGER CO,DETROIT,10.539795
1324,DALLAS/FT. WORTH,KROGER CO,2588,2.6530139,KROGER CO,DALLAS/FT. WORTH,17.18479
1336,ATLANTA,KROGER CO,4126,3.1480851,KROGER CO,ATLANTA,9.053956
1338,CINCINNATI,KROGER CO,3910,3.028645,KROGER CO,CINCINNATI,9.0847921
1339,INDIANAPOLIS,KROGER CO,3732,2.6530011,KROGER CO,INDIANAPOLIS,22.01166
1350,NASHVILLE,KROGER CO,4557,2.012728,KROGER CO,NASHVILLE,60.924671
1369,LOUISVILLE,KROGER CO,2411,2.710079,KROGER CO,LOUISVILLE,18.844883
1374,"COLUMBUS,OH",KROGER CO,2318,3.186368,KROGER CO,"COLUMBUS,OH",13.982832
1396,ROANOKE (NEW),KROGER CO,4298,2.5030251,KROGER CO,ROANOKE (NEW),11.901618
1403,HOUSTON,KROGER CO,14127,2.4304521,KROGER CO,HOUSTON,34.684902
1407,DETROIT,KROGER CO,3998,2.7401199,KROGER CO,DETROIT,64.808289
1412,DALLAS/FT. WORTH,KROGER CO,2214,3.7357719,KROGER CO,DALLAS/FT. WORTH,15.297071
1424,ATLANTA,KROGER CO,4035,3.144486,KROGER CO,ATLANTA,43.29446
1426,CINCINNATI,KROGER CO,3387,3.052259,KROGER CO,CINCINNATI,20.346613
1427,INDIANAPOLIS,KROGER CO,3581,2.6534491,KROGER CO,INDIANAPOLIS,12.208182
1438,NASHVILLE,KROGER CO,2595,2.912909,KROGER CO,NASHVILLE,7.6098447
1457,LOUISVILLE,KROGER CO,2303,2.7234039,KROGER CO,LOUISVILLE,9.4435434
1462,"COLUMBUS,OH",KROGER CO,2149,3.1870639,KROGER CO,"COLUMBUS,OH",13.502435
1484,ROANOKE (NEW),KROGER CO,3461,2.4680729,KROGER CO,ROANOKE (NEW),16.045673
1491,HOUSTON,KROGER CO,12107,2.451144,KROGER CO,HOUSTON,58.812794
1495,DETROIT,KROGER CO,5144,2.715785,KROGER CO,DETROIT,48.722912
1500,DALLAS/FT. WORTH,KROGER CO,1519,3.7314019,KROGER CO,DALLAS/FT. WORTH,7.2934842
1512,ATLANTA,KROGER CO,3894,3.3780169,KROGER CO,ATLANTA,25.702377
1514,CINCINNATI,KROGER CO,4913,2.6531651,KROGER CO,CINCINNATI,12.561302
1515,INDIANAPOLIS,KROGER CO,2998,2.653769,KROGER CO,INDIANAPOLIS,29.976736
1526,NASHVILLE,KROGER CO,2447,2.8279531,KROGER CO,NASHVILLE,23.441715
1545,LOUISVILLE,KROGER CO,2538,2.688731,KROGER CO,LOUISVILLE,13.465361
1550,"COLUMBUS,OH",KROGER CO,3731,2.9198611,KROGER CO,"COLUMBUS,OH",48.903393
1572,ROANOKE (NEW),KROGER CO,4320,2.4729171,KROGER CO,ROANOKE (NEW),154.43024
1579,HOUSTON,KROGER CO,8185,2.7061701,KROGER CO,HOUSTON,24.006107
1583,DETROIT,KROGER CO,4439,2.738905,KROGER CO,DETROIT,19.173382
1588,DALLAS/FT. WORTH,KROGER CO,1846,3.6083419,KROGER CO,DALLAS/FT. WORTH,7.3426771
1600,ATLANTA,KROGER CO,3641,3.3858831,KROGER CO,ATLANTA,18.325085
1602,CINCINNATI,KROGER CO,6429,2.653445,KROGER CO,CINCINNATI,50.783127
1603,INDIANAPOLIS,KROGER CO,3237,2.653074,KROGER CO,INDIANAPOLIS,14.067964
1614,NASHVILLE,KROGER CO,3092,2.6536219,KROGER CO,NASHVILLE,20.281242
1633,LOUISVILLE,KROGER CO,2666,2.7059259,KROGER CO,LOUISVILLE,9.3341084
1638,"COLUMBUS,OH",KROGER CO,2504,2.786741,KROGER CO,"COLUMBUS,OH",13.328957
1660,ROANOKE (NEW),KROGER CO,4551,2.5251589,KROGER CO,ROANOKE (NEW),40.804367
1667,HOUSTON,KROGER CO,7434,2.743207,KROGER CO,HOUSTON,39.948605
1671,DETROIT,KROGER CO,4411,2.75017,KROGER CO,DETROIT,21.236406
1676,DALLAS/FT. WORTH,KROGER CO,1851,3.5980549,KROGER CO,DALLAS/FT. WORTH,33.647083
1688,ATLANTA,KROGER CO,3237,3.405931,KROGER CO,ATLANTA,17.209345
1690,CINCINNATI,KROGER CO,6609,2.6531999,KROGER CO,CINCINNATI,526.85522
1691,INDIANAPOLIS,KROGER CO,3264,2.6534929,KROGER CO,INDIANAPOLIS,20.001122
1702,NASHVILLE,KROGER CO,4485,2.046154,KROGER CO,NASHVILLE,17.350672
1721,LOUISVILLE,KROGER CO,2556,2.70892,KROGER CO,LOUISVILLE,13.944452
1726,"COLUMBUS,OH",KROGER CO,2568,2.786994,KROGER CO,"COLUMBUS,OH",9.5964575
1748,ROANOKE (NEW),KROGER CO,2707,2.765054,KROGER CO,ROANOKE (NEW),22.386087
1755,HOUSTON,KROGER CO,6911,2.7243519,KROGER CO,HOUSTON,28.400789
1759,DETROIT,KROGER CO,5246,2.728936,KROGER CO,DETROIT,23.335684
1764,DALLAS/FT. WORTH,KROGER CO,1624,3.7333741,KROGER CO,DALLAS/FT. WORTH,6.7680278
1776,ATLANTA,KROGER CO,3089,3.419553,KROGER CO,ATLANTA,13.841225
1778,CINCINNATI,KROGER CO,6292,2.6533689,KROGER CO,CINCINNATI,29.292597
1779,INDIANAPOLIS,KROGER CO,3722,2.6534121,KROGER CO,INDIANAPOLIS,205.75319
1790,NASHVILLE,KROGER CO,5106,2.0446529,KROGER CO,NASHVILLE,17.169924
1809,LOUISVILLE,KROGER CO,2917,2.7041481,KROGER CO,LOUISVILLE,12.035133
1814,"COLUMBUS,OH",KROGER CO,2445,2.786094,KROGER CO,"COLUMBUS,OH",11.59207
1836,ROANOKE (NEW),KROGER CO,3146,2.8979659,KROGER CO,ROANOKE (NEW),13.860514
1843,HOUSTON,KROGER CO,5579,2.8171721,KROGER CO,HOUSTON,17.316454
1847,DETROIT,KROGER CO,4947,2.7313521,KROGER CO,DETROIT,42.169353
1852,DALLAS/FT. WORTH,KROGER CO,1345,3.732342,KROGER CO,DALLAS/FT. WORTH,5.6396556
1864,ATLANTA,KROGER CO,3590,3.0286911,KROGER CO,ATLANTA,15.614284
1866,CINCINNATI,KROGER CO,5140,2.6531129,KROGER CO,CINCINNATI,24.54493
1867,INDIANAPOLIS,KROGER CO,3819,2.653312,KROGER CO,INDIANAPOLIS,22.119881
1878,NASHVILLE,KROGER CO,4284,2.0280111,KROGER CO,NASHVILLE,9.7759018
1897,LOUISVILLE,KROGER CO,2555,2.6896279,KROGER CO,LOUISVILLE,36.370514
1902,"COLUMBUS,OH",KROGER CO,2399,2.7865779,KROGER CO,"COLUMBUS,OH",17.098776
1924,ROANOKE (NEW),KROGER CO,3269,2.9403491,KROGER CO,ROANOKE (NEW),9.3086309
1931,HOUSTON,KROGER CO,3699,3.8315761,KROGER CO,HOUSTON,22.132441
1935,DETROIT,KROGER CO,4907,2.7377219,KROGER CO,DETROIT,13.075072
1940,DALLAS/FT. WORTH,KROGER CO,1237,3.7316091,KROGER CO,DALLAS/FT. WORTH,6.4302659
1952,ATLANTA,KROGER CO,3524,3.010783,KROGER CO,ATLANTA,47.56049
1954,CINCINNATI,KROGER CO,5250,2.681143,KROGER CO,CINCINNATI,110.52974
1955,INDIANAPOLIS,KROGER CO,4223,2.653327,KROGER CO,INDIANAPOLIS,40.079819
1966,NASHVILLE,KROGER CO,3723,2.2532899,KROGER CO,NASHVILLE,95.564468
1985,LOUISVILLE,KROGER CO,2367,2.7114489,KROGER CO,LOUISVILLE,11.517279
1990,"COLUMBUS,OH",KROGER CO,2500,2.7872,KROGER CO,"COLUMBUS,OH",8.109148
2012,ROANOKE (NEW),KROGER CO,6504,2.450953,KROGER CO,ROANOKE (NEW),28.585873
2019,HOUSTON,KROGER CO,7046,2.52285,KROGER CO,HOUSTON,34.655613
2023,DETROIT,KROGER CO,4420,2.7346151,KROGER CO,DETROIT,82.566246
2028,DALLAS/FT. WORTH,KROGER CO,4168,2.653311,KROGER CO,DALLAS/FT. WORTH,60.231075
2040,ATLANTA,KROGER CO,3937,3.033782,KROGER CO,ATLANTA,16.508442
2042,CINCINNATI,KROGER CO,6917,2.6533179,KROGER CO,CINCINNATI,30.063526
2054,NASHVILLE,KROGER CO,4162,2.253484,KROGER CO,NASHVILLE,139.43077
2073,LOUISVILLE,KROGER CO,2669,2.702136,KROGER CO,LOUISVILLE,83.487701
2078,"COLUMBUS,OH",KROGER CO,2240,2.786607,KROGER CO,"COLUMBUS,OH",20.950684
2100,ROANOKE (NEW),KROGER CO,4256,2.5,KROGER CO,ROANOKE (NEW),75.402702
2107,HOUSTON,KROGER CO,11757,2.48873,KROGER CO,HOUSTON,61.713123
2111,DETROIT,KROGER CO,4789,2.7279179,KROGER CO,DETROIT,17.092136
2116,DALLAS/FT. WORTH,KROGER CO,3883,3.7316511,KROGER CO,DALLAS/FT. WORTH,9.3962183
2128,ATLANTA,KROGER CO,4116,3.0182221,KROGER CO,ATLANTA,142.58463
2130,CINCINNATI,KROGER CO,6351,2.65344,KROGER CO,CINCINNATI,27.917685
2142,NASHVILLE,KROGER CO,4324,2.228955,KROGER CO,NASHVILLE,23.927303
2161,LOUISVILLE,KROGER CO,2681,2.7180159,KROGER CO,LOUISVILLE,17.668793
2166,"COLUMBUS,OH",KROGER CO,2403,2.7865169,KROGER CO,"COLUMBUS,OH",15.964388
2188,ROANOKE (NEW),KROGER CO,5061,2.498518,KROGER CO,ROANOKE (NEW),25.678911
2195,HOUSTON,KROGER CO,11983,2.494868,KROGER CO,HOUSTON,53.323635
2199,DETROIT,KROGER CO,4910,2.7350309,KROGER CO,DETROIT,22.012232
2204,DALLAS/FT. WORTH,KROGER CO,3003,3.6393609,KROGER CO,DALLAS/FT. WORTH,30.81296
2216,ATLANTA,KROGER CO,3727,3.028441,KROGER CO,ATLANTA,19.726519
2218,CINCINNATI,KROGER CO,6686,2.6618309,KROGER CO,CINCINNATI,74.472618
2230,NASHVILLE,KROGER CO,4244,2.2535341,KROGER CO,NASHVILLE,23.002369
2249,LOUISVILLE,KROGER CO,2986,2.715003,KROGER CO,LOUISVILLE,17.428335
2254,"COLUMBUS,OH",KROGER CO,5132,2.653352,KROGER CO,"COLUMBUS,OH",14.907209
2276,ROANOKE (NEW),KROGER CO,6196,2.4783731,KROGER CO,ROANOKE (NEW),112.71232
2283,HOUSTON,KROGER CO,9964,2.512445,KROGER CO,HOUSTON,61.072342
2287,DETROIT,KROGER CO,4344,2.7428639,KROGER CO,DETROIT,19.71459
2292,DALLAS/FT. WORTH,KROGER CO,2535,3.610256,KROGER CO,DALLAS/FT. WORTH,27.067781
2304,ATLANTA,KROGER CO,4455,3.0392821,KROGER CO,ATLANTA,8.6704416
2306,CINCINNATI,KROGER CO,6858,3.081948,KROGER CO,CINCINNATI,9.0261183
2307,INDIANAPOLIS,KROGER CO,5730,2.653403,KROGER CO,INDIANAPOLIS,12.908169
2318,NASHVILLE,KROGER CO,4404,2.2531791,KROGER CO,NASHVILLE,16.466997
2337,LOUISVILLE,KROGER CO,2637,2.7273419,KROGER CO,LOUISVILLE,34.19894
2342,"COLUMBUS,OH",KROGER CO,4023,2.786478,KROGER CO,"COLUMBUS,OH",32.357498
2364,ROANOKE (NEW),KROGER CO,10747,2.330976,KROGER CO,ROANOKE (NEW),103.63754
2371,HOUSTON,KROGER CO,11775,2.5006371,KROGER CO,HOUSTON,144.78471
2375,DETROIT,KROGER CO,4581,2.7511461,KROGER CO,DETROIT,26.410427
2380,DALLAS/FT. WORTH,KROGER CO,2157,3.66064,KROGER CO,DALLAS/FT. WORTH,10.15287
2392,ATLANTA,KROGER CO,3982,3.0459571,KROGER CO,ATLANTA,21.378222
2394,CINCINNATI,KROGER CO,3988,3.0624371,KROGER CO,CINCINNATI,88.054321
2395,INDIANAPOLIS,KROGER CO,5643,2.653199,KROGER CO,INDIANAPOLIS,14.306918
2406,NASHVILLE,KROGER CO,4310,2.2535961,KROGER CO,NASHVILLE,29.227127
2425,LOUISVILLE,KROGER CO,3089,2.702493,KROGER CO,LOUISVILLE,18.572468
2430,"COLUMBUS,OH",KROGER CO,2871,2.7864859,KROGER CO,"COLUMBUS,OH",11.537762
2452,ROANOKE (NEW),KROGER CO,5881,2.506036,KROGER CO,ROANOKE (NEW),54.926937
2459,HOUSTON,KROGER CO,14534,2.457685,KROGER CO,HOUSTON,27.112883
2463,DETROIT,KROGER CO,10863,2.7052381,KROGER CO,DETROIT,128.18513
2468,DALLAS/FT. WORTH,KROGER CO,2401,3.0533111,KROGER CO,DALLAS/FT. WORTH,13.605244
2480,ATLANTA,KROGER CO,3845,3.1035111,KROGER CO,ATLANTA,20.378105
2482,CINCINNATI,KROGER CO,5076,3.036643,KROGER CO,CINCINNATI,25.790413
2483,INDIANAPOLIS,KROGER CO,4821,2.6533909,KROGER CO,INDIANAPOLIS,103.19058
2494,NASHVILLE,KROGER CO,4693,2.2535689,KROGER CO,NASHVILLE,20.937565
2513,LOUISVILLE,KROGER CO,9866,2.012264,KROGER CO,LOUISVILLE,100.67346
2518,"COLUMBUS,OH",KROGER CO,2432,3.0958059,KROGER CO,"COLUMBUS,OH",10.820496
2540,ROANOKE (NEW),KROGER CO,7456,2.4545331,KROGER CO,ROANOKE (NEW),75.425247
2547,HOUSTON,KROGER CO,13834,2.4655919,KROGER CO,HOUSTON,34.383823
2551,DETROIT,KROGER CO,7815,2.7062061,KROGER CO,DETROIT,274.5708
2556,DALLAS/FT. WORTH,KROGER CO,2517,3.05443,KROGER CO,DALLAS/FT. WORTH,15.657624
2568,ATLANTA,KROGER CO,4133,3.02226,KROGER CO,ATLANTA,37.040535
2570,CINCINNATI,KROGER CO,4887,3.0388789,KROGER CO,CINCINNATI,20.438265
2571,INDIANAPOLIS,KROGER CO,5377,2.653152,KROGER CO,INDIANAPOLIS,123.46474
2582,NASHVILLE,KROGER CO,4592,2.253484,KROGER CO,NASHVILLE,36.7733
2601,LOUISVILLE,KROGER CO,7431,2.0516751,KROGER CO,LOUISVILLE,31.714266
2606,"COLUMBUS,OH",KROGER CO,3424,3.0978391,KROGER CO,"COLUMBUS,OH",104.63123
2628,ROANOKE (NEW),KROGER CO,6928,2.477627,KROGER CO,ROANOKE (NEW),16.28824
2635,HOUSTON,KROGER CO,13951,2.4508641,KROGER CO,HOUSTON,142.62128
2639,DETROIT,KROGER CO,5748,2.7212939,KROGER CO,DETROIT,25.070356
2644,DALLAS/FT. WORTH,KROGER CO,2456,2.6530941,KROGER CO,DALLAS/FT. WORTH,11.256338
2656,ATLANTA,KROGER CO,3712,3.3510239,KROGER CO,ATLANTA,30.139788
2658,CINCINNATI,KROGER CO,4901,3.0059171,KROGER CO,CINCINNATI,19.292057
2659,INDIANAPOLIS,KROGER CO,4545,2.653465,KROGER CO,INDIANAPOLIS,23.546587
2670,NASHVILLE,KROGER CO,4212,2.273742,KROGER CO,NASHVILLE,23.417936
2689,LOUISVILLE,KROGER CO,4618,2.4434819,KROGER CO,LOUISVILLE,263.21579
2694,"COLUMBUS,OH",KROGER CO,2314,3.5864301,KROGER CO,"COLUMBUS,OH",48.639301
2716,ROANOKE (NEW),KROGER CO,7534,2.4782319,KROGER CO,ROANOKE (NEW),28.937424
2723,HOUSTON,KROGER CO,10752,2.7047989,KROGER CO,HOUSTON,96.316338
2727,DETROIT,KROGER CO,4842,2.727592,KROGER CO,DETROIT,42.811169
2732,DALLAS/FT. WORTH,KROGER CO,3635,2.653645,KROGER CO,DALLAS/FT. WORTH,14.03541
2744,ATLANTA,KROGER CO,3526,3.3615999,KROGER CO,ATLANTA,235.35339
2746,CINCINNATI,KROGER CO,5258,2.9891591,KROGER CO,CINCINNATI,18.970917
2747,INDIANAPOLIS,KROGER CO,3998,2.6530769,KROGER CO,INDIANAPOLIS,27.789789
2758,NASHVILLE,KROGER CO,4608,2.2530379,KROGER CO,NASHVILLE,70.742905
2777,LOUISVILLE,KROGER CO,2721,2.6277101,KROGER CO,LOUISVILLE,8.4714212
2782,"COLUMBUS,OH",KROGER CO,9987,2.3866031,KROGER CO,"COLUMBUS,OH",24.615435
2804,ROANOKE (NEW),KROGER CO,5403,2.49417,KROGER CO,ROANOKE (NEW),32.598904
2811,HOUSTON,KROGER CO,8726,2.7051339,KROGER CO,HOUSTON,52.627193
2815,DETROIT,KROGER CO,5110,2.7272019,KROGER CO,DETROIT,9.9631758
2820,DALLAS/FT. WORTH,KROGER CO,3267,3.727885,KROGER CO,DALLAS/FT. WORTH,30.974421
2832,ATLANTA,KROGER CO,3256,3.353194,KROGER CO,ATLANTA,14.698754
2834,CINCINNATI,KROGER CO,5458,3.07915,KROGER CO,CINCINNATI,43.196262
2835,INDIANAPOLIS,KROGER CO,3997,2.6537399,KROGER CO,INDIANAPOLIS,27.995844
2846,NASHVILLE,KROGER CO,4437,1.986477,KROGER CO,NASHVILLE,40.839981
2865,LOUISVILLE,KROGER CO,3090,2.9692559,KROGER CO,LOUISVILLE,31.725632
2870,"COLUMBUS,OH",KROGER CO,11164,2.3866889,KROGER CO,"COLUMBUS,OH",139.80325
2892,ROANOKE (NEW),KROGER CO,5397,2.4830461,KROGER CO,ROANOKE (NEW),150.20673
2899,HOUSTON,KROGER CO,9029,2.7223389,KROGER CO,HOUSTON,72.653725
2903,DETROIT,KROGER CO,4680,2.7688029,KROGER CO,DETROIT,9.8853369
2908,DALLAS/FT. WORTH,KROGER CO,1978,3.736603,KROGER CO,DALLAS/FT. WORTH,4.4834013
2920,ATLANTA,KROGER CO,3200,3.4234371,KROGER CO,ATLANTA,22.466837
2922,CINCINNATI,KROGER CO,12952,2.3867359,KROGER CO,CINCINNATI,36.516285
2923,INDIANAPOLIS,KROGER CO,4448,2.653327,KROGER CO,INDIANAPOLIS,14.541613
2934,NASHVILLE,KROGER CO,4756,1.9867539,KROGER CO,NASHVILLE,24.463558
2953,LOUISVILLE,KROGER CO,2528,2.6918509,KROGER CO,LOUISVILLE,18.536211
2958,"COLUMBUS,OH",KROGER CO,7842,2.3932669,KROGER CO,"COLUMBUS,OH",24.804327
2980,ROANOKE (NEW),KROGER CO,5667,2.538027,KROGER CO,ROANOKE (NEW),31.260971
2987,HOUSTON,KROGER CO,8530,2.7213359,KROGER CO,HOUSTON,20.026726
2991,DETROIT,KROGER CO,3411,3.0187631,KROGER CO,DETROIT,12.021022
2996,DALLAS/FT. WORTH,KROGER CO,2071,3.7064221,KROGER CO,DALLAS/FT. WORTH,34.420128
3008,ATLANTA,KROGER CO,3481,3.4093649,KROGER CO,ATLANTA,8.2333021
3010,CINCINNATI,KROGER CO,9506,2.3865981,KROGER CO,CINCINNATI,44.420231
3011,INDIANAPOLIS,KROGER CO,4084,2.6530361,KROGER CO,INDIANAPOLIS,52.267757
3022,NASHVILLE,KROGER CO,4336,1.986393,KROGER CO,NASHVILLE,36.359043
3041,LOUISVILLE,KROGER CO,2409,2.703196,KROGER CO,LOUISVILLE,10.822497
3046,"COLUMBUS,OH",KROGER CO,5550,2.3956759,KROGER CO,"COLUMBUS,OH",15.593246
3068,ROANOKE (NEW),KROGER CO,5317,2.68911,KROGER CO,ROANOKE (NEW),22.790857
3075,HOUSTON,KROGER CO,7621,2.697284,KROGER CO,HOUSTON,67.733795
3079,DETROIT,KROGER CO,3980,2.886683,KROGER CO,DETROIT,22.291191
3084,DALLAS/FT. WORTH,KROGER CO,5219,2.4466369,KROGER CO,DALLAS/FT. WORTH,521.98999
3096,ATLANTA,KROGER CO,5159,2.4927311,KROGER CO,ATLANTA,23.530727
3098,CINCINNATI,KROGER CO,6796,2.386698,KROGER CO,CINCINNATI,22.212852
3099,INDIANAPOLIS,KROGER CO,3872,2.653151,KROGER CO,INDIANAPOLIS,14.878721
3110,NASHVILLE,KROGER CO,3064,2.9412529,KROGER CO,NASHVILLE,14.443506
3129,LOUISVILLE,KROGER CO,3185,2.4379909,KROGER CO,LOUISVILLE,13.060554
3134,"COLUMBUS,OH",KROGER CO,4997,2.4034419,KROGER CO,"COLUMBUS,OH",39.537899
3156,ROANOKE (NEW),KROGER CO,4876,2.6228471,KROGER CO,ROANOKE (NEW),30.007956
3163,HOUSTON,KROGER CO,8103,2.695545,KROGER CO,HOUSTON,23.128973
3167,DETROIT,KROGER CO,4098,2.7606151,KROGER CO,DETROIT,32.597839
3172,DALLAS/FT. WORTH,KROGER CO,5523,2.828897,KROGER CO,DALLAS/FT. WORTH,30.27914
3184,ATLANTA,KROGER CO,5627,2.4345119,KROGER CO,ATLANTA,77.428192
3186,CINCINNATI,KROGER CO,6972,2.79848,KROGER CO,CINCINNATI,126.34207
3187,INDIANAPOLIS,KROGER CO,3124,2.8012159,KROGER CO,INDIANAPOLIS,49.977333
3198,NASHVILLE,KROGER CO,3160,2.722152,KROGER CO,NASHVILLE,25.878376
3217,LOUISVILLE,KROGER CO,3109,2.4232869,KROGER CO,LOUISVILLE,10.131779
3222,"COLUMBUS,OH",KROGER CO,4254,2.3866949,KROGER CO,"COLUMBUS,OH",33.85006
3244,ROANOKE (NEW),KROGER CO,4990,2.522645,KROGER CO,ROANOKE (NEW),11.297374
3251,HOUSTON,KROGER CO,8203,2.769475,KROGER CO,HOUSTON,35.39035
3255,DETROIT,KROGER CO,10887,2.4273901,KROGER CO,DETROIT,65.516563
3260,DALLAS/FT. WORTH,KROGER CO,7334,2.4263699,KROGER CO,DALLAS/FT. WORTH,168.17575
3272,ATLANTA,KROGER CO,6414,2.3952291,KROGER CO,ATLANTA,18.395538
3274,CINCINNATI,KROGER CO,7268,2.6670339,KROGER CO,CINCINNATI,13.091611
3275,INDIANAPOLIS,KROGER CO,3207,2.96227,KROGER CO,INDIANAPOLIS,13.631163
3286,NASHVILLE,KROGER CO,3475,2.7188489,KROGER CO,NASHVILLE,16.344738
3305,LOUISVILLE,KROGER CO,2103,2.6657159,KROGER CO,LOUISVILLE,14.9305
3310,"COLUMBUS,OH",KROGER CO,4551,2.3871679,KROGER CO,"COLUMBUS,OH",29.790672
3332,ROANOKE (NEW),KROGER CO,4982,2.46668,KROGER CO,ROANOKE (NEW),67.976303
3339,HOUSTON,KROGER CO,8439,2.7665601,KROGER CO,HOUSTON,86.097725
3343,DETROIT,KROGER CO,7199,2.5447979,KROGER CO,DETROIT,45.924938
3348,DALLAS/FT. WORTH,KROGER CO,6480,2.467901,KROGER CO,DALLAS/FT. WORTH,18.115753
3360,ATLANTA,KROGER CO,5470,2.490494,KROGER CO,ATLANTA,12.252049
3362,CINCINNATI,KROGER CO,6778,2.6149311,KROGER CO,CINCINNATI,36.514404
3363,INDIANAPOLIS,KROGER CO,3001,2.9506831,KROGER CO,INDIANAPOLIS,9.4771709
3374,NASHVILLE,KROGER CO,4130,2.253269,KROGER CO,NASHVILLE,8.8609419
3393,LOUISVILLE,KROGER CO,2796,2.4227469,KROGER CO,LOUISVILLE,23.742933
3398,"COLUMBUS,OH",KROGER CO,7373,2.3869519,KROGER CO,"COLUMBUS,OH",150.82481
3420,ROANOKE (NEW),KROGER CO,5798,2.465333,KROGER CO,ROANOKE (NEW),13.139357
3427,HOUSTON,KROGER CO,8206,2.762125,KROGER CO,HOUSTON,61.857925
3431,DETROIT,KROGER CO,6656,2.51863,KROGER CO,DETROIT,26.51033
3436,DALLAS/FT. WORTH,KROGER CO,4656,2.501503,KROGER CO,DALLAS/FT. WORTH,6.760458
3448,ATLANTA,KROGER CO,6725,2.4013381,KROGER CO,ATLANTA,11.36807
3450,CINCINNATI,KROGER CO,7216,2.5748341,KROGER CO,CINCINNATI,15.11808
3451,INDIANAPOLIS,KROGER CO,3109,3.120296,KROGER CO,INDIANAPOLIS,26.273426
3462,NASHVILLE,KROGER CO,4503,2.253387,KROGER CO,NASHVILLE,20.593201
3481,LOUISVILLE,KROGER CO,2853,2.4423411,KROGER CO,LOUISVILLE,23.561399
3486,"COLUMBUS,OH",KROGER CO,5809,2.386641,KROGER CO,"COLUMBUS,OH",40.991779
3508,ROANOKE (NEW),KROGER CO,5127,2.446655,KROGER CO,ROANOKE (NEW),19.61195
3515,HOUSTON,KROGER CO,8191,2.7686491,KROGER CO,HOUSTON,34.417591
3519,DETROIT,KROGER CO,5583,2.5126281,KROGER CO,DETROIT,15.635231
3524,DALLAS/FT. WORTH,KROGER CO,6874,2.4307539,KROGER CO,DALLAS/FT. WORTH,13.210479
3536,ATLANTA,KROGER CO,6344,2.4014821,KROGER CO,ATLANTA,32.381863
3538,CINCINNATI,KROGER CO,6822,2.577543,KROGER CO,CINCINNATI,19.12133
3539,INDIANAPOLIS,KROGER CO,2329,3.1640191,KROGER CO,INDIANAPOLIS,20.709509
3550,NASHVILLE,KROGER CO,4415,2.274745,KROGER CO,NASHVILLE,72.096916
3569,LOUISVILLE,KROGER CO,3180,2.706918,KROGER CO,LOUISVILLE,10.423375
3574,"COLUMBUS,OH",KROGER CO,5088,2.3602591,KROGER CO,"COLUMBUS,OH",266.18201
3596,ROANOKE (NEW),KROGER CO,4885,2.4487209,KROGER CO,ROANOKE (NEW),35.005486
3603,HOUSTON,KROGER CO,13392,2.454674,KROGER CO,HOUSTON,78.144157
3607,DETROIT,KROGER CO,5416,2.577548,KROGER CO,DETROIT,11.212844
3612,DALLAS/FT. WORTH,KROGER CO,8229,2.428606,KROGER CO,DALLAS/FT. WORTH,61.66597
3624,ATLANTA,KROGER CO,5740,2.481359,KROGER CO,ATLANTA,29.740471
3626,CINCINNATI,KROGER CO,6195,2.622437,KROGER CO,CINCINNATI,54.608097
3627,INDIANAPOLIS,KROGER CO,2778,3.081713,KROGER CO,INDIANAPOLIS,19.870682
3638,NASHVILLE,KROGER CO,4446,2.253036,KROGER CO,NASHVILLE,17.858885
3657,LOUISVILLE,KROGER CO,2884,2.680305,KROGER CO,LOUISVILLE,22.561272
3662,"COLUMBUS,OH",KROGER CO,4416,2.387228,KROGER CO,"COLUMBUS,OH",12.829437
3684,ROANOKE (NEW),KROGER CO,4520,2.4511061,KROGER CO,ROANOKE (NEW),9.9013014
3691,HOUSTON,KROGER CO,9638,3.7834611,KROGER CO,HOUSTON,391.78851
3695,DETROIT,KROGER CO,5928,2.518893,KROGER CO,DETROIT,22.241787
3700,DALLAS/FT. WORTH,KROGER CO,8541,2.4213791,KROGER CO,DALLAS/FT. WORTH,67.122261
3712,ATLANTA,KROGER CO,5796,2.4730849,KROGER CO,ATLANTA,9.5007248
3714,CINCINNATI,KROGER CO,7602,2.5999739,KROGER CO,CINCINNATI,62.412804
3715,INDIANAPOLIS,KROGER CO,2942,3.0941539,KROGER CO,INDIANAPOLIS,36.350903
3726,NASHVILLE,KROGER CO,4335,2.2532871,KROGER CO,NASHVILLE,16.28154
3745,LOUISVILLE,KROGER CO,3290,2.4562311,KROGER CO,LOUISVILLE,14.492713
3750,"COLUMBUS,OH",KROGER CO,4324,2.3610079,KROGER CO,"COLUMBUS,OH",57.462971
3772,ROANOKE (NEW),KROGER CO,4621,2.4375679,KROGER CO,ROANOKE (NEW),26.818535
3779,HOUSTON,KROGER CO,7832,2.7764299,KROGER CO,HOUSTON,49.923637
3783,DETROIT,KROGER CO,6011,2.459657,KROGER CO,DETROIT,26.954065
3788,DALLAS/FT. WORTH,KROGER CO,7250,2.416966,KROGER CO,DALLAS/FT. WORTH,15.840223
3800,ATLANTA,KROGER CO,6815,2.3669851,KROGER CO,ATLANTA,82.912407
3802,CINCINNATI,KROGER CO,5948,2.6790521,KROGER CO,CINCINNATI,39.487122
3803,INDIANAPOLIS,KROGER CO,3216,2.7583959,KROGER CO,INDIANAPOLIS,9.1927795
3814,NASHVILLE,KROGER CO,3994,2.2533801,KROGER CO,NASHVILLE,30.401217
3833,LOUISVILLE,KROGER CO,3601,2.4171059,KROGER CO,LOUISVILLE,15.30348
3838,"COLUMBUS,OH",KROGER CO,3670,2.359673,KROGER CO,"COLUMBUS,OH",13.875704
3860,ROANOKE (NEW),KROGER CO,5113,2.4410329,KROGER CO,ROANOKE (NEW),20.122622
3867,HOUSTON,KROGER CO,9950,2.7656281,KROGER CO,HOUSTON,43.767239
3871,DETROIT,KROGER CO,6250,2.52384,KROGER CO,DETROIT,14.069108
3876,DALLAS/FT. WORTH,KROGER CO,9019,2.410578,KROGER CO,DALLAS/FT. WORTH,134.87718
3888,ATLANTA,KROGER CO,6170,2.413614,KROGER CO,ATLANTA,16.978075
3890,CINCINNATI,KROGER CO,6877,2.6066599,KROGER CO,CINCINNATI,15.267205
3891,INDIANAPOLIS,KROGER CO,3458,2.6229031,KROGER CO,INDIANAPOLIS,15.587863
3902,NASHVILLE,KROGER CO,3651,2.2530811,KROGER CO,NASHVILLE,32.119217
3921,LOUISVILLE,KROGER CO,3383,2.468519,KROGER CO,LOUISVILLE,13.472622
3926,"COLUMBUS,OH",KROGER CO,3408,2.3861499,KROGER CO,"COLUMBUS,OH",19.724854
3948,ROANOKE (NEW),KROGER CO,4674,2.4589219,KROGER CO,ROANOKE (NEW),13.004171
3955,HOUSTON,KROGER CO,8372,2.761945,KROGER CO,HOUSTON,18.556662
3959,DETROIT,KROGER CO,5337,2.544126,KROGER CO,DETROIT,43.731579
3964,DALLAS/FT. WORTH,KROGER CO,8817,2.4129519,KROGER CO,DALLAS/FT. WORTH,27.58654
3976,ATLANTA,KROGER CO,5842,2.4246831,KROGER CO,ATLANTA,12.655931
3978,CINCINNATI,KROGER CO,6128,2.702023,KROGER CO,CINCINNATI,83.74543
3979,INDIANAPOLIS,KROGER CO,3260,2.5929451,KROGER CO,INDIANAPOLIS,20.967117
3990,NASHVILLE,KROGER CO,3510,2.2532761,KROGER CO,NASHVILLE,21.338293
4009,LOUISVILLE,KROGER CO,3258,2.4367709,KROGER CO,LOUISVILLE,11.374924
4014,"COLUMBUS,OH",KROGER CO,3508,2.3865449,KROGER CO,"COLUMBUS,OH",13.81109
4036,ROANOKE (NEW),KROGER CO,4579,2.432409,KROGER CO,ROANOKE (NEW),33.707111
4043,HOUSTON,KROGER CO,12622,2.4842341,KROGER CO,HOUSTON,87.955704
4047,DETROIT,KROGER CO,3839,3.152123,KROGER CO,DETROIT,10.801721
4052,DALLAS/FT. WORTH,KROGER CO,8142,2.4210269,KROGER CO,DALLAS/FT. WORTH,41.910759
4064,ATLANTA,KROGER CO,5932,2.4239719,KROGER CO,ATLANTA,13.046583
4066,CINCINNATI,KROGER CO,7757,2.6320741,KROGER CO,CINCINNATI,77.64785
4067,INDIANAPOLIS,KROGER CO,3773,2.4516301,KROGER CO,INDIANAPOLIS,10.320077
4078,NASHVILLE,KROGER CO,3681,2.253464,KROGER CO,NASHVILLE,13.634758
4097,LOUISVILLE,KROGER CO,3326,2.4732411,KROGER CO,LOUISVILLE,22.263666
4102,"COLUMBUS,OH",KROGER CO,3884,2.3862,KROGER CO,"COLUMBUS,OH",22.426512
4124,ROANOKE (NEW),KROGER CO,4913,2.4329331,KROGER CO,ROANOKE (NEW),24.451155
4131,HOUSTON,KROGER CO,13070,2.6520281,KROGER CO,HOUSTON,47.093979
4135,DETROIT,KROGER CO,3372,3.3193951,KROGER CO,DETROIT,12.256593
4140,DALLAS/FT. WORTH,KROGER CO,7143,2.433291,KROGER CO,DALLAS/FT. WORTH,65.888786
4152,ATLANTA,KROGER CO,6124,2.4222729,KROGER CO,ATLANTA,7.3556747
4154,CINCINNATI,KROGER CO,8104,2.6164861,KROGER CO,CINCINNATI,18.902611
4155,INDIANAPOLIS,KROGER CO,4812,2.419368,KROGER CO,INDIANAPOLIS,25.581207
4166,NASHVILLE,KROGER CO,4155,2.2531891,KROGER CO,NASHVILLE,12.927252
4185,LOUISVILLE,KROGER CO,3084,2.6845009,KROGER CO,LOUISVILLE,32.057518
4190,"COLUMBUS,OH",KROGER CO,3397,2.386518,KROGER CO,"COLUMBUS,OH",10.156359
4212,ROANOKE (NEW),KROGER CO,5304,2.4489059,KROGER CO,ROANOKE (NEW),13.095217
4219,HOUSTON,KROGER CO,9807,2.7470169,KROGER CO,HOUSTON,43.223782
4223,DETROIT,KROGER CO,2845,3.2530761,KROGER CO,DETROIT,6.3352871
4228,DALLAS/FT. WORTH,KROGER CO,7471,2.415339,KROGER CO,DALLAS/FT. WORTH,37.719944
4240,ATLANTA,KROGER CO,4341,3.2743609,KROGER CO,ATLANTA,13.430676
4242,CINCINNATI,KROGER CO,8993,2.6181469,KROGER CO,CINCINNATI,261.90472
4243,INDIANAPOLIS,KROGER CO,6362,2.4118199,KROGER CO,INDIANAPOLIS,37.754898
4254,NASHVILLE,KROGER CO,4367,2.253263,KROGER CO,NASHVILLE,20.521549
4273,LOUISVILLE,KROGER CO,4085,2.447736,KROGER CO,LOUISVILLE,8.1490593
4278,"COLUMBUS,OH",KROGER CO,3337,2.386575,KROGER CO,"COLUMBUS,OH",5.2226639
4300,ROANOKE (NEW),KROGER CO,4774,2.435693,KROGER CO,ROANOKE (NEW),10.846342
4307,HOUSTON,KROGER CO,8328,2.747839,KROGER CO,HOUSTON,123.17896
4311,DETROIT,KROGER CO,2693,3.3494239,KROGER CO,DETROIT,8.4034758
4316,DALLAS/FT. WORTH,KROGER CO,6984,2.419101,KROGER CO,DALLAS/FT. WORTH,18.799732
4328,ATLANTA,KROGER CO,3299,3.2097609,KROGER CO,ATLANTA,10.127657
4330,CINCINNATI,KROGER CO,8412,2.6193531,KROGER CO,CINCINNATI,224.23251
4331,INDIANAPOLIS,KROGER CO,5775,2.42961,KROGER CO,INDIANAPOLIS,47.925659
4342,NASHVILLE,KROGER CO,2786,2.9267769,KROGER CO,NASHVILLE,4.7151451
4361,LOUISVILLE,KROGER CO,3342,2.527828,KROGER CO,LOUISVILLE,19.2883
4366,"COLUMBUS,OH",KROGER CO,2921,2.3865111,KROGER CO,"COLUMBUS,OH",16.312946
4388,ROANOKE (NEW),KROGER CO,4312,2.432282,KROGER CO,ROANOKE (NEW),51.678429
4395,HOUSTON,KROGER CO,8408,2.7306139,KROGER CO,HOUSTON,50.600025
4399,DETROIT,KROGER CO,2961,3.281662,KROGER CO,DETROIT,48.581722
4404,DALLAS/FT. WORTH,KROGER CO,5115,2.439296,KROGER CO,DALLAS/FT. WORTH,73.405266
4416,ATLANTA,KROGER CO,4437,2.577868,KROGER CO,ATLANTA,57.0798
4418,CINCINNATI,KROGER CO,8201,2.634557,KROGER CO,CINCINNATI,157.96811
4419,INDIANAPOLIS,KROGER CO,7011,2.386821,KROGER CO,INDIANAPOLIS,174.88327
4430,NASHVILLE,KROGER CO,2281,2.9061811,KROGER CO,NASHVILLE,9.3427601
4449,LOUISVILLE,KROGER CO,2788,2.477762,KROGER CO,LOUISVILLE,9.7919292
4454,"COLUMBUS,OH",KROGER CO,3430,2.3868799,KROGER CO,"COLUMBUS,OH",12.21836
4476,ROANOKE (NEW),KROGER CO,5109,2.4335489,KROGER CO,ROANOKE (NEW),63.880211
4483,HOUSTON,KROGER CO,10371,2.7460229,KROGER CO,HOUSTON,59.046387
4487,DETROIT,KROGER CO,6243,2.4678841,KROGER CO,DETROIT,31.29356
4492,DALLAS/FT. WORTH,KROGER CO,4239,2.4387829,KROGER CO,DALLAS/FT. WORTH,19.829453
4504,ATLANTA,KROGER CO,5413,2.5326071,KROGER CO,ATLANTA,44.908642
4506,CINCINNATI,KROGER CO,8599,2.6354229,KROGER CO,CINCINNATI,15.735368
4507,INDIANAPOLIS,KROGER CO,5807,2.401757,KROGER CO,INDIANAPOLIS,103.90742
4518,NASHVILLE,KROGER CO,3822,2.386447,KROGER CO,NASHVILLE,225.14619
4537,LOUISVILLE,KROGER CO,4295,2.4591391,KROGER CO,LOUISVILLE,49.872158
4542,"COLUMBUS,OH",KROGER CO,3621,2.3866341,KROGER CO,"COLUMBUS,OH",22.482327
4564,ROANOKE (NEW),KROGER CO,5761,2.4231901,KROGER CO,ROANOKE (NEW),26.976715
4571,HOUSTON,KROGER CO,9797,2.740737,KROGER CO,HOUSTON,27.490471
4575,DETROIT,KROGER CO,3908,3.2904301,KROGER CO,DETROIT,42.358852
4580,DALLAS/FT. WORTH,KROGER CO,5170,2.4307539,KROGER CO,DALLAS/FT. WORTH,16.102243
4592,ATLANTA,KROGER CO,5838,2.585988,KROGER CO,ATLANTA,33.766617
4594,CINCINNATI,KROGER CO,5699,3.0245659,KROGER CO,CINCINNATI,170.67497
4595,INDIANAPOLIS,KROGER CO,4807,2.4054501,KROGER CO,INDIANAPOLIS,27.316034
4606,NASHVILLE,KROGER CO,4096,2.3864751,KROGER CO,NASHVILLE,64.613091
4625,LOUISVILLE,KROGER CO,4549,2.4477911,KROGER CO,LOUISVILLE,12.690234
4630,"COLUMBUS,OH",KROGER CO,3498,2.3867919,KROGER CO,"COLUMBUS,OH",9.9806566
4652,ROANOKE (NEW),KROGER CO,6184,2.4239969,KROGER CO,ROANOKE (NEW),18.483536
4659,HOUSTON,KROGER CO,10355,2.7524869,KROGER CO,HOUSTON,35.535717
4663,DETROIT,KROGER CO,3325,3.3723309,KROGER CO,DETROIT,23.354095
4668,DALLAS/FT. WORTH,KROGER CO,6321,2.4367981,KROGER CO,DALLAS/FT. WORTH,36.534302
4680,ATLANTA,KROGER CO,5832,2.559499,KROGER CO,ATLANTA,193.87004
4682,CINCINNATI,KROGER CO,7217,2.982403,KROGER CO,CINCINNATI,24.12257
4683,INDIANAPOLIS,KROGER CO,5431,2.4063711,KROGER CO,INDIANAPOLIS,13.850104
4694,NASHVILLE,KROGER CO,4667,2.3867581,KROGER CO,NASHVILLE,13.370703
4713,LOUISVILLE,KROGER CO,5660,2.468375,KROGER CO,LOUISVILLE,21.263664
4718,"COLUMBUS,OH",KROGER CO,3511,2.3867841,KROGER CO,"COLUMBUS,OH",9.308897
4740,ROANOKE (NEW),KROGER CO,6842,2.409091,KROGER CO,ROANOKE (NEW),22.061104
4747,HOUSTON,KROGER CO,7888,2.738337,KROGER CO,HOUSTON,21.798885
4751,DETROIT,KROGER CO,2219,3.3857591,KROGER CO,DETROIT,8.5377674
4756,DALLAS/FT. WORTH,KROGER CO,3528,2.439059,KROGER CO,DALLAS/FT. WORTH,26.320499
4768,ATLANTA,KROGER CO,4312,2.567486,KROGER CO,ATLANTA,27.929482
4770,CINCINNATI,KROGER CO,4099,2.9887781,KROGER CO,CINCINNATI,48.049763
4771,INDIANAPOLIS,KROGER CO,4219,2.3884809,KROGER CO,INDIANAPOLIS,16.954241
4782,NASHVILLE,KROGER CO,3688,2.3863881,KROGER CO,NASHVILLE,14.322546
4801,LOUISVILLE,KROGER CO,2624,2.46189,KROGER CO,LOUISVILLE,17.099249
4806,"COLUMBUS,OH",KROGER CO,3097,2.386503,KROGER CO,"COLUMBUS,OH",12.380348
4828,ROANOKE (NEW),KROGER CO,4751,2.425384,KROGER CO,ROANOKE (NEW),20.754103
4835,HOUSTON,KROGER CO,11318,2.7385581,KROGER CO,HOUSTON,80.896446
4839,DETROIT,KROGER CO,3312,3.3608091,KROGER CO,DETROIT,7.761364
4844,DALLAS/FT. WORTH,KROGER CO,5468,2.4330649,KROGER CO,DALLAS/FT. WORTH,15.889793
4856,ATLANTA,KROGER CO,4022,3.32546,KROGER CO,ATLANTA,9.3445339
4858,CINCINNATI,KROGER CO,5516,2.9827771,KROGER CO,CINCINNATI,105.66196
4859,INDIANAPOLIS,KROGER CO,5529,2.3933799,KROGER CO,INDIANAPOLIS,72.046608
4870,NASHVILLE,KROGER CO,4957,2.519871,KROGER CO,NASHVILLE,141.80008
4889,LOUISVILLE,KROGER CO,4581,2.466929,KROGER CO,LOUISVILLE,17.827452
4894,"COLUMBUS,OH",KROGER CO,4308,2.3867221,KROGER CO,"COLUMBUS,OH",16.753687
4916,ROANOKE (NEW),KROGER CO,6314,2.4298379,KROGER CO,ROANOKE (NEW),49.367695
4923,HOUSTON,KROGER CO,13768,2.4623771,KROGER CO,HOUSTON,32.50864
4927,DETROIT,KROGER CO,3047,2.8427961,KROGER CO,DETROIT,16.634983
4932,DALLAS/FT. WORTH,KROGER CO,5506,2.445514,KROGER CO,DALLAS/FT. WORTH,17.692297
4944,ATLANTA,KROGER CO,3613,3.4118459,KROGER CO,ATLANTA,13.353701
4946,CINCINNATI,KROGER CO,6284,2.6530869,KROGER CO,CINCINNATI,10.748942
4947,INDIANAPOLIS,KROGER CO,4762,2.391012,KROGER CO,INDIANAPOLIS,21.239506
4958,NASHVILLE,KROGER CO,4219,2.5200281,KROGER CO,NASHVILLE,12.373231
4977,LOUISVILLE,KROGER CO,3544,2.4748869,KROGER CO,LOUISVILLE,14.469653
4982,"COLUMBUS,OH",KROGER CO,3526,2.3868411,KROGER CO,"COLUMBUS,OH",10.693171
5004,ROANOKE (NEW),KROGER CO,4941,2.5253999,KROGER CO,ROANOKE (NEW),30.68335
5011,HOUSTON,KROGER CO,13136,2.7045519,KROGER CO,HOUSTON,281.65897
5015,DETROIT,KROGER CO,3309,2.647023,KROGER CO,DETROIT,7.1912303
5020,DALLAS/FT. WORTH,KROGER CO,5091,2.436456,KROGER CO,DALLAS/FT. WORTH,34.783058
5032,ATLANTA,KROGER CO,6118,2.7017,KROGER CO,ATLANTA,25.481039
5034,CINCINNATI,KROGER CO,7051,2.6532409,KROGER CO,CINCINNATI,24.776205
5035,INDIANAPOLIS,KROGER CO,5406,2.3930819,KROGER CO,INDIANAPOLIS,35.555634
5046,NASHVILLE,KROGER CO,4272,2.3864701,KROGER CO,NASHVILLE,17.211281
5065,LOUISVILLE,KROGER CO,4725,2.4393649,KROGER CO,LOUISVILLE,36.582729
5070,"COLUMBUS,OH",KROGER CO,4190,2.386874,KROGER CO,"COLUMBUS,OH",46.94532
5092,ROANOKE (NEW),KROGER CO,3685,2.8056991,KROGER CO,ROANOKE (NEW),22.004465
5099,HOUSTON,KROGER CO,9385,2.732765,KROGER CO,HOUSTON,14.106333
5103,DETROIT,KROGER CO,5864,2.36221,KROGER CO,DETROIT,21.025015
5108,DALLAS/FT. WORTH,KROGER CO,8952,2.4105229,KROGER CO,DALLAS/FT. WORTH,13.313944
5120,ATLANTA,KROGER CO,6099,2.691097,KROGER CO,ATLANTA,24.062819
5122,CINCINNATI,KROGER CO,6843,2.6535151,KROGER CO,CINCINNATI,19.719959
5123,INDIANAPOLIS,KROGER CO,5108,2.399569,KROGER CO,INDIANAPOLIS,94.966713
5134,NASHVILLE,KROGER CO,4283,2.3866451,KROGER CO,NASHVILLE,21.7423
5153,LOUISVILLE,KROGER CO,4424,2.423599,KROGER CO,LOUISVILLE,22.184986
5158,"COLUMBUS,OH",KROGER CO,8495,2.386816,KROGER CO,"COLUMBUS,OH",95.267731
5180,ROANOKE (NEW),KROGER CO,3543,2.9173019,KROGER CO,ROANOKE (NEW),8.916954
5187,HOUSTON,KROGER CO,8864,2.7278881,KROGER CO,HOUSTON,54.097912
5191,DETROIT,KROGER CO,3939,2.5681651,KROGER CO,DETROIT,16.439926
5196,DALLAS/FT. WORTH,KROGER CO,8759,2.412148,KROGER CO,DALLAS/FT. WORTH,56.912739
5208,ATLANTA,KROGER CO,6080,2.675164,KROGER CO,ATLANTA,43.331169
5210,CINCINNATI,KROGER CO,8669,2.653363,KROGER CO,CINCINNATI,49.01619
5211,INDIANAPOLIS,KROGER CO,4572,2.3882329,KROGER CO,INDIANAPOLIS,15.687517
5222,NASHVILLE,KROGER CO,4787,2.386672,KROGER CO,NASHVILLE,21.296423
5241,LOUISVILLE,KROGER CO,4339,2.4180689,KROGER CO,LOUISVILLE,8.7538357
5246,"COLUMBUS,OH",KROGER CO,5105,2.3868761,KROGER CO,"COLUMBUS,OH",34.733685
5268,ROANOKE (NEW),KROGER CO,4878,2.671792,KROGER CO,ROANOKE (NEW),51.117767
5275,HOUSTON,KROGER CO,8938,2.7541959,KROGER CO,HOUSTON,49.681835
5279,DETROIT,KROGER CO,3811,2.808187,KROGER CO,DETROIT,13.573191
5284,DALLAS/FT. WORTH,KROGER CO,5771,2.4411709,KROGER CO,DALLAS/FT. WORTH,42.826591
5296,ATLANTA,KROGER CO,6495,2.6561971,KROGER CO,ATLANTA,51.756939
5298,CINCINNATI,KROGER CO,6923,2.6531849,KROGER CO,CINCINNATI,25.742086
5299,INDIANAPOLIS,KROGER CO,4384,2.3902831,KROGER CO,INDIANAPOLIS,21.988359
5310,NASHVILLE,KROGER CO,4901,2.386452,KROGER CO,NASHVILLE,13.867082
5329,LOUISVILLE,KROGER CO,3977,2.4264519,KROGER CO,LOUISVILLE,27.136812
5334,"COLUMBUS,OH",KROGER CO,3496,2.386728,KROGER CO,"COLUMBUS,OH",37.727509
5356,ROANOKE (NEW),KROGER CO,3621,2.5352111,KROGER CO,ROANOKE (NEW),28.192379
5360,DETROIT,KROGER CO,2974,3.2145259,KROGER CO,DETROIT,33.742287
5364,INDIANAPOLIS,KROGER CO,4031,2.390722,KROGER CO,INDIANAPOLIS,13.879972
5370,NASHVILLE,KROGER CO,4243,2.386755,KROGER CO,NASHVILLE,31.206463
5385,ROANOKE (NEW),KROGER CO,3881,2.4975519,KROGER CO,ROANOKE (NEW),31.91325
5389,DETROIT,KROGER CO,2762,3.4290371,KROGER CO,DETROIT,45.051586
5393,INDIANAPOLIS,KROGER CO,3969,2.3885109,KROGER CO,INDIANAPOLIS,12.464093
5399,NASHVILLE,KROGER CO,3142,2.971674,KROGER CO,NASHVILLE,31.212564
5414,ROANOKE (NEW),KROGER CO,3634,2.488718,KROGER CO,ROANOKE (NEW),15.678839
5418,DETROIT,KROGER CO,3635,3.4674001,KROGER CO,DETROIT,19.483255
5422,INDIANAPOLIS,KROGER CO,3940,2.3870561,KROGER CO,INDIANAPOLIS,15.398096
5428,NASHVILLE,KROGER CO,4684,2.3866351,KROGER CO,NASHVILLE,10.425031
5443,ROANOKE (NEW),KROGER CO,5532,2.4698119,KROGER CO,ROANOKE (NEW),44.029282
5447,DETROIT,KROGER CO,3064,3.3149481,KROGER CO,DETROIT,49.335068
5450,INDIANAPOLIS,KROGER CO,3564,2.386925,KROGER CO,INDIANAPOLIS,13.572884
5456,NASHVILLE,KROGER CO,4576,2.3865819,KROGER CO,NASHVILLE,52.021622
5471,ROANOKE (NEW),KROGER CO,4680,2.4423079,KROGER CO,ROANOKE (NEW),72.127968
5475,DETROIT,KROGER CO,2606,3.5867231,KROGER CO,DETROIT,10.918157
5478,INDIANAPOLIS,KROGER CO,3600,2.386667,KROGER CO,INDIANAPOLIS,12.695043
5484,NASHVILLE,KROGER CO,4234,2.3863959,KROGER CO,NASHVILLE,19.928888
5499,ROANOKE (NEW),KROGER CO,4106,2.4792991,KROGER CO,ROANOKE (NEW),52.549297
5503,DETROIT,KROGER CO,2984,3.4832439,KROGER CO,DETROIT,16.069038
5506,INDIANAPOLIS,KROGER CO,3690,2.3867209,KROGER CO,INDIANAPOLIS,13.983639
5512,NASHVILLE,KROGER CO,2549,2.9662609,KROGER CO,NASHVILLE,107.42994
5527,ROANOKE (NEW),KROGER CO,4077,2.467746,KROGER CO,ROANOKE (NEW),17.092157
5531,DETROIT,KROGER CO,3483,2.9801891,KROGER CO,DETROIT,13.090185
5534,INDIANAPOLIS,KROGER CO,3709,2.3890541,KROGER CO,INDIANAPOLIS,20.394169
5540,NASHVILLE,KROGER CO,2428,2.8974459,KROGER CO,NASHVILLE,14.634313
5555,ROANOKE (NEW),KROGER CO,3791,2.4666309,KROGER CO,ROANOKE (NEW),15.961008
